-- phpMyAdmin SQL Dump
-- version 5.1.1
-- https://www.phpmyadmin.net/
--
-- Host: 127.0.0.1
-- Generation Time: Dec 29, 2021 at 10:18 AM
-- Server version: 10.4.22-MariaDB
-- PHP Version: 8.1.1

SET SQL_MODE = "NO_AUTO_VALUE_ON_ZERO";
START TRANSACTION;
SET time_zone = "+00:00";


/*!40101 SET @OLD_CHARACTER_SET_CLIENT=@@CHARACTER_SET_CLIENT */;
/*!40101 SET @OLD_CHARACTER_SET_RESULTS=@@CHARACTER_SET_RESULTS */;
/*!40101 SET @OLD_COLLATION_CONNECTION=@@COLLATION_CONNECTION */;
/*!40101 SET NAMES utf8mb4 */;

--
-- Database: `attendance`
--

-- --------------------------------------------------------

--
-- Table structure for table `attendance`
--

CREATE TABLE `attendance` (
  `id` int(11) NOT NULL,
  `type` int(11) DEFAULT NULL COMMENT 'null attendance / 1 vacation by head of department',
  `id_student` int(11) NOT NULL,
  `id_subject` int(11) NOT NULL,
  `at` date NOT NULL,
  `created_at` timestamp NOT NULL DEFAULT current_timestamp(),
  `updated_at` timestamp NOT NULL DEFAULT current_timestamp()
) ENGINE=InnoDB DEFAULT CHARSET=utf8mb4;

--
-- Dumping data for table `attendance`
--

INSERT INTO `attendance` (`id`, `type`, `id_student`, `id_subject`, `at`, `created_at`, `updated_at`) VALUES
(21, NULL, 4, 1, '2021-10-19', '2021-11-01 23:09:16', '2021-11-01 23:09:16'),
(22, NULL, 6, 1, '2021-10-19', '2021-11-01 23:09:22', '2021-11-01 23:09:22'),
(23, NULL, 25, 1, '2021-10-19', '2021-11-01 23:09:43', '2021-11-01 23:09:43'),
(24, NULL, 22, 1, '2021-10-26', '2021-11-01 23:09:57', '2021-11-01 23:09:57'),
(29, NULL, 72, 1, '2021-10-19', '2021-11-01 23:28:35', '2021-11-01 23:28:35'),
(32, NULL, 79, 1, '2021-10-19', '2021-11-01 23:29:02', '2021-11-01 23:29:02'),
(33, NULL, 85, 1, '2021-10-19', '2021-11-01 23:29:37', '2021-11-01 23:29:37'),
(37, NULL, 50, 1, '2021-11-02', '2021-11-02 03:23:43', '2021-11-02 03:23:43'),
(38, NULL, 63, 1, '2021-11-02', '2021-11-02 03:24:04', '2021-11-02 03:24:04'),
(40, NULL, 92, 1, '2021-11-02', '2021-11-02 05:19:27', '2021-11-02 05:19:27'),
(42, NULL, 94, 1, '2021-11-02', '2021-11-02 05:20:00', '2021-11-02 05:20:00'),
(44, NULL, 88, 1, '2021-11-02', '2021-11-02 05:20:23', '2021-11-02 05:20:23'),
(45, NULL, 60, 1, '2021-11-02', '2021-11-02 08:54:13', '2021-11-02 08:54:13'),
(46, NULL, 41, 1, '2021-11-09', '2021-11-09 03:09:10', '2021-11-09 03:09:10'),
(47, NULL, 63, 1, '2021-11-09', '2021-11-09 03:10:17', '2021-11-09 03:10:17'),
(48, NULL, 92, 1, '2021-11-09', '2021-11-09 04:56:49', '2021-11-09 04:56:49'),
(49, NULL, 70, 1, '2021-11-09', '2021-11-09 04:56:59', '2021-11-09 04:56:59'),
(50, NULL, 93, 1, '2021-11-09', '2021-11-09 04:57:38', '2021-11-09 04:57:38'),
(51, NULL, 94, 1, '2021-11-09', '2021-11-09 04:57:42', '2021-11-09 04:57:42'),
(52, NULL, 65, 1, '2021-11-09', '2021-11-09 04:58:17', '2021-11-09 04:58:17'),
(60, NULL, 92, 1, '2021-12-07', '2021-12-07 03:11:06', '2021-12-07 03:11:06'),
(62, NULL, 94, 1, '2021-12-07', '2021-12-07 03:12:13', '2021-12-07 03:12:13'),
(63, NULL, 85, 1, '2021-12-07', '2021-12-07 03:12:21', '2021-12-07 03:12:21'),
(64, NULL, 84, 1, '2021-12-07', '2021-12-07 03:12:25', '2021-12-07 03:12:25'),
(70, NULL, 47, 1, '2021-12-07', '2021-12-07 05:52:34', '2021-12-07 05:52:34'),
(71, NULL, 63, 1, '2021-12-07', '2021-12-07 05:53:04', '2021-12-07 05:53:04'),
(72, NULL, 99, 1, '2021-12-07', '2021-12-07 05:53:13', '2021-12-07 05:53:13'),
(74, NULL, 93, 1, '2021-12-07', '2021-12-07 07:15:16', '2021-12-07 07:15:16'),
(75, NULL, 92, 1, '2021-12-13', '2021-12-13 03:09:08', '2021-12-13 03:09:08'),
(77, NULL, 93, 1, '2021-12-13', '2021-12-13 03:09:57', '2021-12-13 03:09:57'),
(78, NULL, 94, 1, '2021-12-13', '2021-12-13 03:10:03', '2021-12-13 03:10:03'),
(81, NULL, 36, 1, '2021-12-13', '2021-12-13 04:54:48', '2021-12-13 04:54:48'),
(82, NULL, 44, 1, '2021-12-13', '2021-12-13 04:55:15', '2021-12-13 04:55:15'),
(83, NULL, 50, 1, '2021-12-13', '2021-12-13 04:55:42', '2021-12-13 04:55:42'),
(84, NULL, 63, 1, '2021-12-13', '2021-12-13 04:56:06', '2021-12-13 04:56:06'),
(87, NULL, 43, 1, '2021-12-21', '2021-12-21 03:18:04', '2021-12-21 03:18:04'),
(88, NULL, 47, 1, '2021-12-21', '2021-12-21 03:18:17', '2021-12-21 03:18:17'),
(89, NULL, 63, 1, '2021-12-21', '2021-12-21 03:18:42', '2021-12-21 03:18:42'),
(90, NULL, 92, 1, '2021-12-21', '2021-12-21 06:33:22', '2021-12-21 06:33:22'),
(91, NULL, 69, 1, '2021-12-21', '2021-12-21 06:33:30', '2021-12-21 06:33:30'),
(93, NULL, 93, 1, '2021-12-21', '2021-12-21 06:34:19', '2021-12-21 06:34:19'),
(94, NULL, 94, 1, '2021-12-21', '2021-12-21 06:34:24', '2021-12-21 06:34:24'),
(104, 1, 90, 1, '2021-12-21', '2021-12-29 06:15:19', '2021-12-29 06:15:19'),
(105, 1, 27, 1, '2021-12-21', '2021-12-29 06:16:53', '2021-12-29 06:16:53');

-- --------------------------------------------------------

--
-- Table structure for table `departments`
--

CREATE TABLE `departments` (
  `id` int(11) NOT NULL,
  `name` text NOT NULL,
  `created_at` timestamp NOT NULL DEFAULT current_timestamp(),
  `updated_at` timestamp NOT NULL DEFAULT current_timestamp()
) ENGINE=InnoDB DEFAULT CHARSET=utf8mb4;

--
-- Dumping data for table `departments`
--

INSERT INTO `departments` (`id`, `name`, `created_at`, `updated_at`) VALUES
(1, 'IT', '2021-11-01 15:07:24', '2021-11-01 15:07:24'),
(2, 'Database', '2021-11-01 15:10:04', '2021-11-01 15:10:04');

-- --------------------------------------------------------

--
-- Table structure for table `marks`
--

CREATE TABLE `marks` (
  `id` int(11) NOT NULL,
  `id_student` int(11) NOT NULL,
  `id_subject` int(11) NOT NULL,
  `value` varchar(333) DEFAULT NULL,
  `created_at` timestamp NOT NULL DEFAULT current_timestamp(),
  `updated_at` timestamp NOT NULL DEFAULT current_timestamp()
) ENGINE=InnoDB DEFAULT CHARSET=utf8mb4;

--
-- Dumping data for table `marks`
--

INSERT INTO `marks` (`id`, `id_student`, `id_subject`, `value`, `created_at`, `updated_at`) VALUES
(1, 14, 1, '7', '2021-11-01 23:09:30', '2021-12-13 16:21:20'),
(2, 84, 1, '7', '2021-11-01 23:32:53', '2021-12-21 16:04:13'),
(3, 87, 1, '7', '2021-11-01 23:32:57', '2021-12-21 16:04:27'),
(4, 81, 1, '6', '2021-11-02 06:09:09', '2021-12-21 16:04:03'),
(5, 67, 1, '7', '2021-11-02 06:09:35', '2021-12-21 16:05:08'),
(14, 1, 1, '3', '2021-11-03 08:00:33', '2021-12-13 16:19:11'),
(15, 2, 1, '7', '2021-11-03 08:00:34', '2021-12-13 16:19:18'),
(16, 4, 1, '6', '2021-11-03 08:00:47', '2021-12-13 16:19:31'),
(17, 5, 1, '7', '2021-11-03 08:00:48', '2021-12-13 16:19:39'),
(18, 7, 1, '4.5', '2021-11-03 08:00:53', '2021-12-13 16:19:54'),
(19, 9, 1, '4', '2021-11-03 08:00:58', '2021-12-13 16:20:05'),
(20, 12, 1, '4', '2021-11-03 08:01:02', '2021-12-13 16:20:33'),
(21, 11, 1, '4', '2021-11-03 08:01:05', '2021-12-13 16:28:54'),
(22, 20, 1, '5', '2021-11-03 08:01:17', '2021-12-13 16:21:45'),
(23, 21, 1, '6', '2021-11-03 08:01:19', '2021-12-13 16:21:59'),
(24, 23, 1, '5', '2021-11-03 08:01:24', '2021-12-13 16:22:25'),
(25, 24, 1, '5', '2021-11-03 08:01:27', '2021-12-13 16:22:33'),
(26, 26, 1, '7', '2021-11-03 08:01:31', '2021-12-13 16:22:45'),
(27, 27, 1, '5', '2021-11-03 08:01:32', '2021-12-13 16:22:53'),
(28, 29, 1, '6', '2021-11-03 08:01:34', '2021-12-13 16:23:01'),
(29, 30, 1, '4', '2021-11-03 08:01:36', '2021-12-13 16:23:11'),
(30, 31, 1, '5', '2021-11-03 08:01:38', '2021-12-13 16:23:18'),
(31, 32, 1, '3.5', '2021-11-03 08:01:40', '2021-12-13 16:23:26'),
(32, 33, 1, '5', '2021-11-03 08:01:42', '2021-12-13 16:23:36'),
(33, 15, 1, '3.5', '2021-11-03 08:01:44', '2021-12-13 16:23:45'),
(34, 16, 1, '8', '2021-11-03 08:01:46', '2021-12-13 16:23:54'),
(35, 17, 1, '6', '2021-11-03 08:01:47', '2021-12-13 16:24:01'),
(36, 18, 1, '6', '2021-11-03 08:01:49', '2021-12-13 16:24:50'),
(37, 28, 1, '4', '2021-11-03 08:01:51', '2021-12-13 16:28:45'),
(39, 93, 1, '1', '2021-11-09 11:54:35', '2021-11-09 11:54:35'),
(40, 13, 1, '4', '2021-11-23 12:40:27', '2021-12-13 16:21:08'),
(41, 25, 1, '5', '2021-11-23 12:41:21', '2021-12-13 16:22:38'),
(42, 74, 1, '6', '2021-12-07 03:15:03', '2021-12-21 16:02:13'),
(43, 88, 1, '5', '2021-12-07 03:15:58', '2021-12-21 16:04:33'),
(44, 91, 1, '6', '2021-12-07 03:16:00', '2021-12-21 16:04:55'),
(45, 95, 1, '1', '2021-12-07 03:16:53', '2021-12-07 03:16:53'),
(46, 96, 1, '1', '2021-12-07 03:19:37', '2021-12-07 03:19:37'),
(47, 65, 1, '5', '2021-12-07 03:19:40', '2021-12-21 16:04:59'),
(48, 71, 1, '6', '2021-12-07 03:20:47', '2021-12-21 16:01:44'),
(49, 89, 1, '4', '2021-12-07 03:21:57', '2021-12-21 16:04:41'),
(50, 83, 1, '6', '2021-12-07 03:22:01', '2021-12-21 16:05:31'),
(51, 90, 1, '1', '2021-12-07 03:24:26', '2021-12-07 03:24:26'),
(52, 42, 1, '4', '2021-12-07 05:56:06', '2021-12-21 14:34:02'),
(53, 41, 1, '6', '2021-12-07 05:56:11', '2021-12-21 15:44:18'),
(54, 45, 1, '4', '2021-12-07 05:58:37', '2021-12-21 14:36:26'),
(55, 61, 1, '6', '2021-12-07 06:00:59', '2021-12-21 14:31:34'),
(56, 48, 1, '5', '2021-12-07 06:01:01', '2021-12-21 14:39:53'),
(57, 51, 1, '7', '2021-12-07 06:02:17', '2021-12-21 14:38:13'),
(58, 62, 1, '6', '2021-12-07 06:02:29', '2021-12-21 14:36:38'),
(59, 44, 1, '5', '2021-12-07 06:03:54', '2021-12-21 13:43:12'),
(60, 52, 1, '4', '2021-12-07 06:03:57', '2021-12-29 05:46:46'),
(61, 34, 1, '4', '2021-12-07 06:06:01', '2021-12-21 13:37:10'),
(62, 53, 1, '5', '2021-12-07 06:06:04', '2021-12-21 14:35:56'),
(63, 36, 1, '1', '2021-12-07 06:10:23', '2021-12-07 06:10:23'),
(64, 54, 1, '6', '2021-12-07 06:10:28', '2021-12-21 13:37:25'),
(65, 49, 1, '6', '2021-12-07 06:11:41', '2021-12-21 14:37:36'),
(66, 3, 1, '3', '2021-12-13 16:19:25', '2021-12-13 16:19:25'),
(67, 6, 1, '4', '2021-12-13 16:19:43', '2021-12-13 16:19:43'),
(68, 10, 1, '4', '2021-12-13 16:20:16', '2021-12-13 16:20:16'),
(69, 19, 1, '4', '2021-12-13 16:21:33', '2021-12-13 16:21:33'),
(70, 22, 1, '4', '2021-12-13 16:22:07', '2021-12-13 16:22:07'),
(71, 8, 1, '5', '2021-12-13 16:27:18', '2021-12-13 16:27:26'),
(72, 56, 1, '4', '2021-12-21 13:37:35', '2021-12-21 13:37:51'),
(73, 37, 1, '3', '2021-12-21 13:38:02', '2021-12-21 13:38:06'),
(74, 40, 1, '5', '2021-12-21 13:40:17', '2021-12-21 13:40:22'),
(75, 98, 1, '5', '2021-12-21 13:42:47', '2021-12-21 13:42:47'),
(76, 39, 1, '6', '2021-12-21 14:32:15', '2021-12-21 14:32:15'),
(77, 58, 1, '2', '2021-12-21 14:32:30', '2021-12-21 14:32:34'),
(78, 46, 1, '5', '2021-12-21 14:32:47', '2021-12-21 14:32:56'),
(79, 38, 1, '2.5', '2021-12-21 14:37:19', '2021-12-21 14:37:19'),
(80, 60, 1, '5', '2021-12-21 14:38:38', '2021-12-21 14:38:42'),
(81, 59, 1, '3', '2021-12-21 14:39:31', '2021-12-21 14:39:33'),
(82, 50, 1, '5', '2021-12-21 14:40:21', '2021-12-21 14:40:23'),
(83, 64, 1, '4', '2021-12-21 16:00:23', '2021-12-21 16:00:25'),
(84, 66, 1, '5', '2021-12-21 16:00:30', '2021-12-21 16:00:33'),
(85, 92, 1, '4', '2021-12-21 16:00:40', '2021-12-21 16:00:40'),
(86, 68, 1, '5', '2021-12-21 16:00:44', '2021-12-21 16:00:44'),
(87, 70, 1, '5', '2021-12-21 16:01:27', '2021-12-21 16:01:40'),
(88, 72, 1, '4', '2021-12-21 16:01:55', '2021-12-21 16:01:55'),
(89, 73, 1, '3.5', '2021-12-21 16:02:02', '2021-12-21 16:02:04'),
(90, 75, 1, '3', '2021-12-21 16:02:20', '2021-12-21 16:02:46'),
(91, 76, 1, '3', '2021-12-21 16:02:53', '2021-12-21 16:03:10'),
(92, 77, 1, '4', '2021-12-21 16:03:12', '2021-12-21 16:03:12'),
(93, 78, 1, '3', '2021-12-21 16:03:16', '2021-12-21 16:03:16'),
(94, 79, 1, '5', '2021-12-21 16:03:21', '2021-12-21 16:03:21'),
(95, 80, 1, '4', '2021-12-21 16:03:51', '2021-12-21 16:03:51'),
(96, 86, 1, '5', '2021-12-21 16:04:20', '2021-12-21 16:04:20'),
(97, 82, 1, '3', '2021-12-21 16:05:27', '2021-12-21 16:05:27');

-- --------------------------------------------------------

--
-- Table structure for table `students`
--

CREATE TABLE `students` (
  `id` int(11) NOT NULL,
  `name` text NOT NULL,
  `id_department` int(11) NOT NULL,
  `id_stage` int(11) NOT NULL,
  `id_class` varchar(255) NOT NULL,
  `id_time` int(11) NOT NULL COMMENT '1 morning / 2 evening',
  `created_at` timestamp NOT NULL DEFAULT current_timestamp(),
  `updated_at` timestamp NOT NULL DEFAULT current_timestamp()
) ENGINE=InnoDB DEFAULT CHARSET=utf8mb4;

--
-- Dumping data for table `students`
--

INSERT INTO `students` (`id`, `name`, `id_department`, `id_stage`, `id_class`, `id_time`, `created_at`, `updated_at`) VALUES
(1, 'ئارام ابراهیم حسین محمود', 1, 2, 'A', 2, '2021-11-01 16:31:36', '2021-11-01 16:31:36'),
(2, 'ئارام عبدالرحمن قادر پیر داود', 1, 2, 'A', 2, '2021-11-01 16:31:36', '2021-11-01 16:31:36'),
(3, 'ئاشنا ابوبکر حمد سوارە', 1, 2, 'A', 2, '2021-11-01 16:31:36', '2021-11-01 16:31:36'),
(4, 'احمد عبدالکریم احمد محمدامین', 1, 2, 'A', 2, '2021-11-01 16:31:36', '2021-11-01 16:31:36'),
(5, 'باوەڕ عبداللە محمد فرج', 1, 2, 'A', 2, '2021-11-01 16:31:36', '2021-11-01 16:31:36'),
(6, 'بوکان محمد عبدالکریم حسین', 1, 2, 'A', 2, '2021-11-01 16:31:36', '2021-11-01 16:31:36'),
(7, 'بەخشین حکیم بکر احمد', 1, 2, 'A', 2, '2021-11-01 16:31:36', '2021-11-01 16:31:36'),
(8, 'بەنان فریدون فقی احمد محمد', 1, 2, 'A', 2, '2021-11-01 16:31:36', '2021-11-01 16:31:36'),
(9, 'بەهرۆز ڕیبوار مصطفی صالح', 1, 2, 'A', 2, '2021-11-01 16:31:36', '2021-11-01 16:31:36'),
(10, 'جبار محمد شریف سعد', 1, 2, 'A', 2, '2021-11-01 16:31:36', '2021-11-01 16:31:36'),
(11, 'خەڵات انوەر ابراهیم توفیق', 1, 2, 'A', 2, '2021-11-01 16:31:36', '2021-11-01 16:31:36'),
(12, 'خەندە فریدون محمود امین', 1, 2, 'A', 2, '2021-11-01 16:31:36', '2021-11-01 16:31:36'),
(13, 'دێرین جبار عزیز محمدامین', 1, 2, 'A', 2, '2021-11-01 16:31:36', '2021-11-01 16:31:36'),
(14, 'دێنێ اسماعیل معروف عبدالرحمن', 1, 2, 'A', 2, '2021-11-01 16:31:36', '2021-11-01 16:31:36'),
(15, 'ڕۆزا محمد همزە حمە', 1, 2, 'A', 2, '2021-11-01 16:31:36', '2021-11-01 16:31:36'),
(16, 'ڕێژوان ناضم محمد فتح اللە', 1, 2, 'A', 2, '2021-11-01 16:31:36', '2021-11-01 16:31:36'),
(17, 'ژاڵە صالح خدر محمد', 1, 2, 'A', 2, '2021-11-01 16:31:36', '2021-11-01 16:31:36'),
(18, 'ژیار صالح حسن محمد', 1, 2, 'A', 2, '2021-11-01 16:31:36', '2021-11-01 16:31:36'),
(19, 'سومیە عثمان پاشا خورشید', 1, 2, 'A', 2, '2021-11-01 16:31:36', '2021-11-01 16:31:36'),
(20, 'سۆزان سردار رشید فرج', 1, 2, 'A', 2, '2021-11-01 16:31:36', '2021-11-01 16:31:36'),
(21, 'سیڤەر سیروان مصطفی وەستا احمد', 1, 2, 'A', 2, '2021-11-01 16:31:36', '2021-11-01 16:31:36'),
(22, 'سەفین اسماعییل مصطفی پیرۆت', 1, 2, 'A', 2, '2021-11-01 16:31:36', '2021-11-01 16:31:36'),
(23, 'شادمان حسین ممند عبدللە', 1, 2, 'A', 2, '2021-11-01 16:31:36', '2021-11-01 16:31:36'),
(24, 'شاناز یاسین امین قادر', 1, 2, 'A', 2, '2021-11-01 16:31:36', '2021-11-01 16:31:36'),
(25, 'شێردڵ مشیر حاجی احمد', 1, 2, 'A', 2, '2021-11-01 16:31:36', '2021-11-01 16:31:36'),
(26, 'عبدالرحمان احمد خدر شێخە', 1, 2, 'A', 2, '2021-11-01 16:31:36', '2021-11-01 16:31:36'),
(27, 'فەرمان شاکر حمد علی ابوبکر', 1, 2, 'A', 2, '2021-11-01 16:31:36', '2021-11-01 16:31:36'),
(28, 'گۆنا حسن امین حمدامین', 1, 2, 'A', 2, '2021-11-01 16:31:36', '2021-11-01 16:31:36'),
(29, 'محمد لطیف حمەصالح کاکەامین', 1, 2, 'A', 2, '2021-11-01 16:31:36', '2021-11-01 16:31:36'),
(30, 'میهرەبان اسعد مارف حمدامین', 1, 2, 'A', 2, '2021-11-01 16:31:36', '2021-11-01 16:31:36'),
(31, 'نیگا عبدللە حمدامین رسو', 1, 2, 'A', 2, '2021-11-01 16:31:36', '2021-11-01 16:31:36'),
(32, 'هۆنیار محمود مصطفی محمد', 1, 2, 'A', 2, '2021-11-01 16:31:36', '2021-11-01 16:31:36'),
(33, 'هیمن قادر طە حمامین', 1, 2, 'A', 2, '2021-11-01 16:31:36', '2021-11-01 16:31:36'),
(34, 'ئارۆز سیف الدین صالح فقێ قادر', 1, 2, 'A', 1, '2021-11-01 16:31:36', '2021-11-01 16:31:36'),
(35, 'ئاڤان ابوبکر کاکی محمدامین', 1, 2, 'A', 1, '2021-11-01 16:31:36', '2021-11-01 16:31:36'),
(36, 'ئالاء اکرم رحیم سلیمان', 1, 2, 'A', 1, '2021-11-01 16:31:36', '2021-11-01 16:31:36'),
(37, 'ئالان حامد محمد کیخسرەو', 1, 2, 'A', 1, '2021-11-01 16:31:36', '2021-11-01 16:31:36'),
(38, 'ئەژین محمود حمد محمود', 1, 2, 'A', 1, '2021-11-01 16:31:36', '2021-11-01 16:31:36'),
(39, 'ئەلەند کمال احمد مارف', 1, 2, 'A', 1, '2021-11-01 16:31:36', '2021-11-01 16:31:36'),
(40, 'احمد رشید غفور قادر', 1, 2, 'A', 1, '2021-11-01 16:31:36', '2021-11-01 16:31:36'),
(41, 'ایمان رزگار احمد رسول', 1, 2, 'A', 1, '2021-11-01 16:31:36', '2021-11-01 16:31:36'),
(42, 'اڤین جاسم محمد امین', 1, 2, 'A', 1, '2021-11-01 16:31:36', '2021-11-01 16:31:36'),
(43, 'ایمان علی ابراهیم برزۆ', 1, 2, 'A', 1, '2021-11-01 16:31:36', '2021-11-01 16:31:36'),
(44, 'باکۆ نوری محمد رحیم', 1, 2, 'A', 1, '2021-11-01 16:31:36', '2021-11-01 16:31:36'),
(45, 'بروا خلیل عزیز خدر', 1, 2, 'A', 1, '2021-11-01 16:31:36', '2021-11-01 16:31:36'),
(46, 'بەختیار محمد همزە اسماعیل', 1, 2, 'A', 1, '2021-11-01 16:31:36', '2021-11-01 16:31:36'),
(47, 'جوان نادر محمود شریف', 1, 2, 'A', 1, '2021-11-01 16:31:36', '2021-11-01 16:31:36'),
(48, 'چرا خالید بیروت احمد', 1, 2, 'A', 1, '2021-11-01 16:31:36', '2021-11-01 16:31:36'),
(49, 'داریان جعفر عبدالرحمن جعفر', 1, 2, 'A', 1, '2021-11-01 16:31:36', '2021-11-01 16:31:36'),
(50, 'داناز هیرش اسماعیل عولا', 1, 2, 'A', 1, '2021-11-01 16:31:36', '2021-11-01 16:31:36'),
(51, 'دلیجان احمد رسول شریف', 1, 2, 'A', 1, '2021-11-01 16:31:36', '2021-11-01 16:31:36'),
(52, 'دونیا شریف رسول شریف', 1, 2, 'A', 1, '2021-11-01 16:31:36', '2021-11-01 16:31:36'),
(53, 'دیدار حسن عبداللە خدر', 1, 2, 'A', 1, '2021-11-01 16:31:36', '2021-11-01 16:31:36'),
(54, 'دیدەن زرادەشت صادق معروف', 1, 2, 'A', 1, '2021-11-01 16:31:36', '2021-11-01 16:31:36'),
(55, 'رویا سعید عمر محمد', 1, 2, 'A', 1, '2021-11-01 16:31:36', '2021-11-01 16:31:36'),
(56, 'ڕاوێژ مصطفی وەیسی محمد', 1, 2, 'A', 1, '2021-11-01 16:31:36', '2021-11-01 16:31:36'),
(57, 'ڕۆشەن خدر ابراهیم اسماعیل', 1, 2, 'A', 1, '2021-11-01 16:31:36', '2021-11-01 16:31:36'),
(58, 'ڕێبوار جبار نوری جبار', 1, 2, 'A', 1, '2021-11-01 16:31:36', '2021-11-01 16:31:36'),
(59, 'ڕەوا محمدامین پیرۆت عبدللە', 1, 2, 'A', 1, '2021-11-01 16:31:36', '2021-11-01 16:31:36'),
(60, 'محمد سماعیل ملا حاجی', 1, 2, 'A', 1, '2021-11-01 16:31:36', '2021-11-01 16:31:36'),
(61, 'یوسف حسن صالح محمود', 1, 2, 'A', 1, '2021-11-01 16:31:36', '2021-11-01 16:31:36'),
(62, 'عبدللە عثمان محمود یوسف', 1, 2, 'A', 1, '2021-11-01 16:31:36', '2021-11-01 16:31:36'),
(63, 'محمد زانا فاروق فیض اللە', 1, 2, 'A', 1, '2021-11-01 16:31:36', '2021-11-01 16:31:36'),
(64, 'ئاسودە هیدایت حمد صابر', 1, 2, 'B', 1, '2021-11-01 16:31:36', '2021-11-01 16:31:36'),
(65, 'چیا احمد کریم ڕشید', 1, 2, 'B', 1, '2021-11-01 16:31:36', '2021-11-01 16:31:36'),
(66, 'حسن علی همزە حسن', 1, 2, 'B', 1, '2021-11-01 16:31:36', '2021-11-01 16:31:36'),
(67, 'ڕەییان حمەجوان حکیم عبدللە', 1, 2, 'B', 1, '2021-11-01 16:31:36', '2021-11-01 16:31:36'),
(68, 'زانیار عثمان فرج مرادخان', 1, 2, 'B', 1, '2021-11-01 16:31:36', '2021-11-01 16:31:36'),
(69, 'سارا محمد مولود حمە', 1, 2, 'B', 1, '2021-11-01 16:31:36', '2021-11-01 16:31:36'),
(70, 'سانا ضاهر صدیق صادق', 1, 2, 'B', 1, '2021-11-01 16:31:36', '2021-11-01 16:31:36'),
(71, 'سناء اکرم محمد ڕشید', 1, 2, 'B', 1, '2021-11-01 16:31:36', '2021-11-01 16:31:36'),
(72, 'سنور کمال جلال رسول', 1, 2, 'B', 1, '2021-11-01 16:31:36', '2021-11-01 16:31:36'),
(73, 'سورمە خالند جرجیس عزیز', 1, 2, 'B', 1, '2021-11-01 16:31:36', '2021-11-01 16:31:36'),
(74, 'سۆزی رسول حمد حسن', 1, 2, 'B', 1, '2021-11-01 16:31:36', '2021-11-01 16:31:36'),
(75, 'سۆزیار کریم رضا حمە', 1, 2, 'B', 1, '2021-11-01 16:31:36', '2021-11-01 16:31:36'),
(76, 'سیما اسماعیل عبدالرحمان احمد', 1, 2, 'B', 1, '2021-11-01 16:31:36', '2021-11-01 16:31:36'),
(77, 'سیما عبداللە جلیل احمد', 1, 2, 'B', 1, '2021-11-01 16:31:36', '2021-11-01 16:31:36'),
(78, 'سەرهۆز علی همزە حسن', 1, 2, 'B', 1, '2021-11-01 16:31:36', '2021-11-01 16:31:36'),
(79, 'سەنگین حامد حولا رسو', 1, 2, 'B', 1, '2021-11-01 16:31:36', '2021-11-01 16:31:36'),
(80, 'شنیار کمال جلال فائق', 1, 2, 'B', 1, '2021-11-01 16:31:36', '2021-11-01 16:31:36'),
(81, 'شەهرام نەهرۆ محمدامین قادر', 1, 2, 'B', 1, '2021-11-01 16:31:36', '2021-11-01 16:31:36'),
(82, 'کاڤیار لقمان حسن عبدالکریم', 1, 2, 'B', 1, '2021-11-01 16:31:36', '2021-11-01 16:31:36'),
(83, 'کیژان ابراهیم عبدللە محمد', 1, 2, 'B', 1, '2021-11-01 16:31:36', '2021-11-01 16:31:36'),
(84, 'محمد علی محمد اسماعیل', 1, 2, 'B', 1, '2021-11-01 16:31:36', '2021-11-01 16:31:36'),
(85, 'محمد ابراهیم احمد الی', 1, 2, 'B', 1, '2021-11-01 16:31:36', '2021-11-01 16:31:36'),
(86, 'میدیا سلام عارف احمد', 1, 2, 'B', 1, '2021-11-01 16:31:36', '2021-11-01 16:31:36'),
(87, 'نما مضهر علی رسول', 1, 2, 'B', 1, '2021-11-01 16:31:36', '2021-11-01 16:31:36'),
(88, 'نیگار ڕۆستەم محمد حسێن', 1, 2, 'B', 1, '2021-11-01 16:31:36', '2021-11-01 16:31:36'),
(89, 'هدیە عمر عزیز رشید', 1, 2, 'B', 1, '2021-11-01 16:31:36', '2021-11-01 16:31:36'),
(90, 'هێلین یوسف محمد رسول', 1, 2, 'B', 1, '2021-11-01 16:31:36', '2021-11-01 16:31:36'),
(91, 'هەورامان عبدللە همزە رەش', 1, 2, 'B', 1, '2021-11-01 16:31:36', '2021-11-01 16:31:36'),
(92, 'زانیار صالح عبدللە امان اللە', 1, 2, 'B', 1, '2021-11-01 16:31:36', '2021-11-01 16:31:36'),
(93, 'شاباز سلیمان احمد عبدللە', 1, 2, 'B', 1, '2021-11-01 16:31:36', '2021-11-01 16:31:36'),
(94, 'شنیار محمد شخصە عولا', 1, 2, 'B', 1, '2021-11-01 16:31:36', '2021-11-01 16:31:36'),
(95, 'کازیوە رؤف محمدامین قادر', 1, 2, 'B', 1, '2021-11-01 16:31:36', '2021-11-01 16:31:36'),
(96, 'علی حسین عبدللە محمود', 1, 2, 'B', 1, '2021-11-01 16:31:36', '2021-11-01 16:31:36'),
(97, 'ئاوارە فریق محمد کیخسرو', 1, 2, 'A', 1, '2021-11-01 16:31:36', '2021-11-01 16:31:36'),
(98, 'پاداشت محمد احمد قادر', 1, 2, 'A', 1, '2021-11-01 16:31:36', '2021-11-01 16:31:36'),
(99, 'پەیڤین محمد همزە اسماعیل', 1, 2, 'A', 1, '2021-11-01 16:31:36', '2021-11-01 16:31:36');

-- --------------------------------------------------------

--
-- Table structure for table `subjects`
--

CREATE TABLE `subjects` (
  `id` int(11) NOT NULL,
  `id_department` int(11) NOT NULL,
  `id_stage` int(11) NOT NULL,
  `name` text NOT NULL,
  `created_at` timestamp NOT NULL DEFAULT current_timestamp(),
  `updated_at` timestamp NOT NULL DEFAULT current_timestamp()
) ENGINE=InnoDB DEFAULT CHARSET=utf8mb4;

--
-- Dumping data for table `subjects`
--

INSERT INTO `subjects` (`id`, `id_department`, `id_stage`, `name`, `created_at`, `updated_at`) VALUES
(1, 1, 2, 'Web Design', '2021-11-02 01:53:14', '2021-11-02 01:53:14');

--
-- Indexes for dumped tables
--

--
-- Indexes for table `attendance`
--
ALTER TABLE `attendance`
  ADD PRIMARY KEY (`id`),
  ADD KEY `student` (`id_student`);

--
-- Indexes for table `departments`
--
ALTER TABLE `departments`
  ADD PRIMARY KEY (`id`);

--
-- Indexes for table `marks`
--
ALTER TABLE `marks`
  ADD PRIMARY KEY (`id`),
  ADD KEY `id_student` (`id_student`);

--
-- Indexes for table `students`
--
ALTER TABLE `students`
  ADD PRIMARY KEY (`id`),
  ADD KEY `department` (`id_department`);

--
-- Indexes for table `subjects`
--
ALTER TABLE `subjects`
  ADD PRIMARY KEY (`id`),
  ADD KEY `id_department` (`id_department`);

--
-- AUTO_INCREMENT for dumped tables
--

--
-- AUTO_INCREMENT for table `attendance`
--
ALTER TABLE `attendance`
  MODIFY `id` int(11) NOT NULL AUTO_INCREMENT, AUTO_INCREMENT=106;

--
-- AUTO_INCREMENT for table `departments`
--
ALTER TABLE `departments`
  MODIFY `id` int(11) NOT NULL AUTO_INCREMENT, AUTO_INCREMENT=3;

--
-- AUTO_INCREMENT for table `marks`
--
ALTER TABLE `marks`
  MODIFY `id` int(11) NOT NULL AUTO_INCREMENT, AUTO_INCREMENT=98;

--
-- AUTO_INCREMENT for table `students`
--
ALTER TABLE `students`
  MODIFY `id` int(11) NOT NULL AUTO_INCREMENT, AUTO_INCREMENT=102;

--
-- AUTO_INCREMENT for table `subjects`
--
ALTER TABLE `subjects`
  MODIFY `id` int(11) NOT NULL AUTO_INCREMENT, AUTO_INCREMENT=2;

--
-- Constraints for dumped tables
--

--
-- Constraints for table `attendance`
--
ALTER TABLE `attendance`
  ADD CONSTRAINT `student` FOREIGN KEY (`id_student`) REFERENCES `students` (`id`);

--
-- Constraints for table `marks`
--
ALTER TABLE `marks`
  ADD CONSTRAINT `id_student` FOREIGN KEY (`id_student`) REFERENCES `students` (`id`);

--
-- Constraints for table `students`
--
ALTER TABLE `students`
  ADD CONSTRAINT `department` FOREIGN KEY (`id_department`) REFERENCES `departments` (`id`);

--
-- Constraints for table `subjects`
--
ALTER TABLE `subjects`
  ADD CONSTRAINT `id_department` FOREIGN KEY (`id_department`) REFERENCES `departments` (`id`);
COMMIT;

/*!40101 SET CHARACTER_SET_CLIENT=@OLD_CHARACTER_SET_CLIENT */;
/*!40101 SET CHARACTER_SET_RESULTS=@OLD_CHARACTER_SET_RESULTS */;
/*!40101 SET COLLATION_CONNECTION=@OLD_COLLATION_CONNECTION */;
