-- phpMyAdmin SQL Dump
-- version 5.1.1
-- https://www.phpmyadmin.net/
--
-- Host: 127.0.0.1
-- Generation Time: Feb 22, 2022 at 08:10 PM
-- Server version: 10.4.22-MariaDB
-- PHP Version: 8.1.1

SET SQL_MODE = "NO_AUTO_VALUE_ON_ZERO";
START TRANSACTION;
SET time_zone = "+00:00";


/*!40101 SET @OLD_CHARACTER_SET_CLIENT=@@CHARACTER_SET_CLIENT */;
/*!40101 SET @OLD_CHARACTER_SET_RESULTS=@@CHARACTER_SET_RESULTS */;
/*!40101 SET @OLD_COLLATION_CONNECTION=@@COLLATION_CONNECTION */;
/*!40101 SET NAMES utf8mb4 */;

--
-- Database: `attendance`
--

-- --------------------------------------------------------

--
-- Table structure for table `attendance`
--

CREATE TABLE `attendance` (
  `id` int(11) NOT NULL,
  `type` int(11) DEFAULT NULL COMMENT 'null attendance / 1 vacation by head of department',
  `id_student` int(11) NOT NULL,
  `id_subject` int(11) NOT NULL,
  `at` date NOT NULL,
  `created_at` timestamp NOT NULL DEFAULT current_timestamp(),
  `updated_at` timestamp NOT NULL DEFAULT current_timestamp()
) ENGINE=InnoDB DEFAULT CHARSET=utf8mb4;

--
-- Dumping data for table `attendance`
--

INSERT INTO `attendance` (`id`, `type`, `id_student`, `id_subject`, `at`, `created_at`, `updated_at`) VALUES
(21, NULL, 4, 1, '2021-10-19', '2021-11-01 23:09:16', '2021-11-01 23:09:16'),
(22, NULL, 6, 1, '2021-10-19', '2021-11-01 23:09:22', '2021-11-01 23:09:22'),
(23, NULL, 25, 1, '2021-10-19', '2021-11-01 23:09:43', '2021-11-01 23:09:43'),
(24, NULL, 22, 1, '2021-10-26', '2021-11-01 23:09:57', '2021-11-01 23:09:57'),
(29, NULL, 72, 1, '2021-10-19', '2021-11-01 23:28:35', '2021-11-01 23:28:35'),
(32, NULL, 79, 1, '2021-10-19', '2021-11-01 23:29:02', '2021-11-01 23:29:02'),
(33, NULL, 85, 1, '2021-10-19', '2021-11-01 23:29:37', '2021-11-01 23:29:37'),
(37, NULL, 50, 1, '2021-11-02', '2021-11-02 03:23:43', '2021-11-02 03:23:43'),
(38, NULL, 63, 1, '2021-11-02', '2021-11-02 03:24:04', '2021-11-02 03:24:04'),
(40, NULL, 92, 1, '2021-11-02', '2021-11-02 05:19:27', '2021-11-02 05:19:27'),
(42, NULL, 94, 1, '2021-11-02', '2021-11-02 05:20:00', '2021-11-02 05:20:00'),
(44, NULL, 88, 1, '2021-11-02', '2021-11-02 05:20:23', '2021-11-02 05:20:23'),
(45, NULL, 60, 1, '2021-11-02', '2021-11-02 08:54:13', '2021-11-02 08:54:13'),
(46, NULL, 41, 1, '2021-11-09', '2021-11-09 03:09:10', '2021-11-09 03:09:10'),
(47, NULL, 63, 1, '2021-11-09', '2021-11-09 03:10:17', '2021-11-09 03:10:17'),
(48, NULL, 92, 1, '2021-11-09', '2021-11-09 04:56:49', '2021-11-09 04:56:49'),
(49, NULL, 70, 1, '2021-11-09', '2021-11-09 04:56:59', '2021-11-09 04:56:59'),
(50, NULL, 93, 1, '2021-11-09', '2021-11-09 04:57:38', '2021-11-09 04:57:38'),
(51, NULL, 94, 1, '2021-11-09', '2021-11-09 04:57:42', '2021-11-09 04:57:42'),
(52, NULL, 65, 1, '2021-11-09', '2021-11-09 04:58:17', '2021-11-09 04:58:17'),
(60, NULL, 92, 1, '2021-12-07', '2021-12-07 03:11:06', '2021-12-07 03:11:06'),
(62, NULL, 94, 1, '2021-12-07', '2021-12-07 03:12:13', '2021-12-07 03:12:13'),
(63, NULL, 85, 1, '2021-12-07', '2021-12-07 03:12:21', '2021-12-07 03:12:21'),
(64, NULL, 84, 1, '2021-12-07', '2021-12-07 03:12:25', '2021-12-07 03:12:25'),
(70, NULL, 47, 1, '2021-12-07', '2021-12-07 05:52:34', '2021-12-07 05:52:34'),
(71, NULL, 63, 1, '2021-12-07', '2021-12-07 05:53:04', '2021-12-07 05:53:04'),
(72, NULL, 99, 1, '2021-12-07', '2021-12-07 05:53:13', '2021-12-07 05:53:13'),
(74, NULL, 93, 1, '2021-12-07', '2021-12-07 07:15:16', '2021-12-07 07:15:16'),
(75, NULL, 92, 1, '2021-12-13', '2021-12-13 03:09:08', '2021-12-13 03:09:08'),
(77, NULL, 93, 1, '2021-12-13', '2021-12-13 03:09:57', '2021-12-13 03:09:57'),
(78, NULL, 94, 1, '2021-12-13', '2021-12-13 03:10:03', '2021-12-13 03:10:03'),
(81, NULL, 36, 1, '2021-12-13', '2021-12-13 04:54:48', '2021-12-13 04:54:48'),
(82, NULL, 44, 1, '2021-12-13', '2021-12-13 04:55:15', '2021-12-13 04:55:15'),
(83, NULL, 50, 1, '2021-12-13', '2021-12-13 04:55:42', '2021-12-13 04:55:42'),
(84, NULL, 63, 1, '2021-12-13', '2021-12-13 04:56:06', '2021-12-13 04:56:06'),
(87, NULL, 43, 1, '2021-12-21', '2021-12-21 03:18:04', '2021-12-21 03:18:04'),
(88, NULL, 47, 1, '2021-12-21', '2021-12-21 03:18:17', '2021-12-21 03:18:17'),
(89, NULL, 63, 1, '2021-12-21', '2021-12-21 03:18:42', '2021-12-21 03:18:42'),
(90, NULL, 92, 1, '2021-12-21', '2021-12-21 06:33:22', '2021-12-21 06:33:22'),
(91, NULL, 69, 1, '2021-12-21', '2021-12-21 06:33:30', '2021-12-21 06:33:30'),
(93, NULL, 93, 1, '2021-12-21', '2021-12-21 06:34:19', '2021-12-21 06:34:19'),
(94, NULL, 94, 1, '2021-12-21', '2021-12-21 06:34:24', '2021-12-21 06:34:24'),
(104, 1, 90, 1, '2021-12-21', '2021-12-29 06:15:19', '2021-12-29 06:15:19'),
(105, 1, 27, 1, '2021-12-21', '2021-12-29 06:16:53', '2021-12-29 06:16:53'),
(106, NULL, 97, 1, '2022-01-04', '2022-01-04 03:18:09', '2022-01-04 03:18:09'),
(107, NULL, 40, 1, '2022-01-04', '2022-01-04 03:18:21', '2022-01-04 03:18:21'),
(109, 1, 54, 1, '2022-01-04', '2022-01-04 03:19:04', '2022-01-04 03:19:04'),
(110, NULL, 63, 1, '2022-01-04', '2022-01-04 03:19:40', '2022-01-04 03:19:40'),
(112, 1, 46, 1, '2022-01-04', '2022-01-04 04:35:01', '2022-01-04 04:35:01'),
(114, NULL, 93, 1, '2022-01-04', '2022-01-04 07:07:11', '2022-01-04 07:07:11'),
(115, NULL, 96, 1, '2022-01-04', '2022-01-04 07:07:37', '2022-01-04 07:07:37'),
(116, NULL, 95, 1, '2022-01-04', '2022-01-04 07:08:12', '2022-01-04 07:08:12'),
(117, 1, 82, 1, '2022-01-04', '2022-01-04 07:08:13', '2022-01-04 07:08:13'),
(118, 1, 95, 1, '2021-12-21', '2022-01-04 07:11:43', '2022-01-04 07:11:43'),
(119, NULL, 12, 1, '2022-01-04', '2022-01-04 11:19:20', '2022-01-04 11:19:20'),
(120, NULL, 18, 1, '2022-01-04', '2022-01-04 11:20:17', '2022-01-04 11:20:17'),
(126, NULL, 50, 1, '2022-01-11', '2022-01-11 03:10:57', '2022-01-11 03:10:57'),
(128, NULL, 63, 1, '2022-01-11', '2022-01-11 03:11:21', '2022-01-11 03:11:21'),
(132, NULL, 64, 1, '2022-01-11', '2022-01-11 05:53:33', '2022-01-11 05:53:33'),
(133, NULL, 92, 1, '2022-01-11', '2022-01-11 05:53:58', '2022-01-11 05:53:58'),
(134, NULL, 93, 1, '2022-01-11', '2022-01-11 05:54:43', '2022-01-11 05:54:43'),
(136, NULL, 96, 1, '2022-01-11', '2022-01-11 05:55:04', '2022-01-11 05:55:04'),
(148, 1, 10, 1, '2022-01-11', '2022-01-11 08:13:11', '2022-01-11 08:13:11'),
(149, NULL, 36, 1, '2022-01-25', '2022-01-25 03:19:23', '2022-01-25 03:19:23'),
(154, NULL, 63, 1, '2022-01-25', '2022-01-25 03:20:45', '2022-01-25 03:20:45'),
(156, NULL, 92, 1, '2022-01-25', '2022-01-25 06:50:47', '2022-01-25 06:50:47'),
(157, NULL, 93, 1, '2022-01-25', '2022-01-25 06:51:02', '2022-01-25 06:51:02'),
(158, NULL, 94, 1, '2022-01-25', '2022-01-25 06:51:02', '2022-01-25 06:51:02'),
(160, NULL, 91, 1, '2022-01-25', '2022-01-25 06:51:27', '2022-01-25 06:51:27'),
(161, 1, 90, 1, '2022-01-25', '2022-01-25 06:51:39', '2022-01-25 06:51:39'),
(162, NULL, 3, 1, '2022-01-25', '2022-01-25 11:20:04', '2022-01-25 11:20:04'),
(163, NULL, 63, 1, '2022-02-01', '2022-02-01 03:22:04', '2022-02-01 03:22:04'),
(165, NULL, 93, 1, '2022-02-01', '2022-02-01 05:15:01', '2022-02-01 05:15:01'),
(167, NULL, 81, 1, '2022-02-01', '2022-02-01 05:15:19', '2022-02-01 05:15:19'),
(169, 1, 87, 1, '2022-02-01', '2022-02-01 05:15:39', '2022-02-01 05:15:39'),
(170, NULL, 67, 1, '2022-02-01', '2022-02-01 05:15:57', '2022-02-01 05:15:57');

-- --------------------------------------------------------

--
-- Table structure for table `departments`
--

CREATE TABLE `departments` (
  `id` int(11) NOT NULL,
  `name` text NOT NULL,
  `created_at` timestamp NOT NULL DEFAULT current_timestamp(),
  `updated_at` timestamp NOT NULL DEFAULT current_timestamp()
) ENGINE=InnoDB DEFAULT CHARSET=utf8mb4;

--
-- Dumping data for table `departments`
--

INSERT INTO `departments` (`id`, `name`, `created_at`, `updated_at`) VALUES
(1, 'IT', '2021-11-01 15:07:24', '2021-11-01 15:07:24'),
(2, 'Database', '2021-11-01 15:10:04', '2021-11-01 15:10:04');

-- --------------------------------------------------------

--
-- Table structure for table `marks`
--

CREATE TABLE `marks` (
  `id` int(11) NOT NULL,
  `id_student` int(11) NOT NULL,
  `id_subject` int(11) NOT NULL,
  `value` varchar(333) DEFAULT NULL,
  `created_at` timestamp NOT NULL DEFAULT current_timestamp(),
  `updated_at` timestamp NOT NULL DEFAULT current_timestamp()
) ENGINE=InnoDB DEFAULT CHARSET=utf8mb4;

--
-- Dumping data for table `marks`
--

INSERT INTO `marks` (`id`, `id_student`, `id_subject`, `value`, `created_at`, `updated_at`) VALUES
(1, 14, 1, '13', '2021-11-01 23:09:30', '2022-01-27 17:42:29'),
(2, 84, 1, '11', '2021-11-01 23:32:53', '2022-01-27 17:38:36'),
(3, 87, 1, '14', '2021-11-01 23:32:57', '2022-01-27 17:30:24'),
(4, 81, 1, '11', '2021-11-02 06:09:09', '2022-01-27 17:29:54'),
(5, 67, 1, '13', '2021-11-02 06:09:35', '2022-01-27 17:29:41'),
(14, 1, 1, '5', '2021-11-03 08:00:33', '2022-01-27 17:46:49'),
(15, 2, 1, '16', '2021-11-03 08:00:34', '2022-01-27 17:40:50'),
(16, 4, 1, '10', '2021-11-03 08:00:47', '2022-01-27 17:43:43'),
(17, 5, 1, '12', '2021-11-03 08:00:48', '2022-01-27 17:41:55'),
(18, 7, 1, '6', '2021-11-03 08:00:53', '2022-01-27 17:48:14'),
(19, 9, 1, '7', '2021-11-03 08:00:58', '2022-01-27 17:43:54'),
(20, 12, 1, '5', '2021-11-03 08:01:02', '2022-01-27 17:48:10'),
(21, 11, 1, '8', '2021-11-03 08:01:05', '2022-01-27 17:42:52'),
(22, 20, 1, '10', '2021-11-03 08:01:17', '2022-01-27 17:42:40'),
(23, 21, 1, '11', '2021-11-03 08:01:19', '2022-01-27 17:41:46'),
(24, 23, 1, '8', '2021-11-03 08:01:24', '2022-01-27 17:45:05'),
(25, 24, 1, '9', '2021-11-03 08:01:27', '2022-01-27 17:43:14'),
(26, 26, 1, '9', '2021-11-03 08:01:31', '2022-01-27 17:47:41'),
(27, 27, 1, '10', '2021-11-03 08:01:32', '2022-01-27 17:41:22'),
(28, 29, 1, '8', '2021-11-03 08:01:34', '2022-01-27 17:46:12'),
(29, 30, 1, '6', '2021-11-03 08:01:36', '2022-01-27 17:46:38'),
(30, 31, 1, '6', '2021-11-03 08:01:38', '2022-01-27 17:48:03'),
(31, 32, 1, '6', '2021-11-03 08:01:40', '2022-01-27 17:46:21'),
(32, 33, 1, '8', '2021-11-03 08:01:42', '2022-01-27 17:44:35'),
(33, 15, 1, '5', '2021-11-03 08:01:44', '2022-01-27 17:47:55'),
(34, 16, 1, '11', '2021-11-03 08:01:46', '2022-01-27 17:45:57'),
(35, 17, 1, '9', '2021-11-03 08:01:47', '2022-01-27 17:44:54'),
(36, 18, 1, '11', '2021-11-03 08:01:49', '2022-01-27 17:41:38'),
(37, 28, 1, '8', '2021-11-03 08:01:51', '2022-01-27 17:42:59'),
(39, 93, 1, '1', '2021-11-09 11:54:35', '2021-11-09 11:54:35'),
(40, 13, 1, '9', '2021-11-23 12:40:27', '2022-01-27 17:41:09'),
(41, 25, 1, '6', '2021-11-23 12:41:21', '2022-01-27 17:47:47'),
(42, 74, 1, '11', '2021-12-07 03:15:03', '2022-01-27 17:29:30'),
(43, 88, 1, '8', '2021-12-07 03:15:58', '2022-01-27 17:36:06'),
(44, 91, 1, '6', '2021-12-07 03:16:00', '2021-12-21 16:04:55'),
(45, 95, 1, '4', '2021-12-07 03:16:53', '2022-01-27 17:35:36'),
(46, 96, 1, '5', '2021-12-07 03:19:37', '2022-01-27 17:32:20'),
(47, 65, 1, '7', '2021-12-07 03:19:40', '2022-01-27 17:39:55'),
(48, 71, 1, '11', '2021-12-07 03:20:47', '2022-01-27 17:35:05'),
(49, 89, 1, '6', '2021-12-07 03:21:57', '2022-01-27 17:39:08'),
(50, 83, 1, '15', '2021-12-07 03:22:01', '2022-01-27 17:28:40'),
(51, 90, 1, '11', '2021-12-07 03:24:26', '2022-02-01 06:38:05'),
(52, 42, 1, '9', '2021-12-07 05:56:06', '2022-01-27 17:27:50'),
(53, 41, 1, '8', '2021-12-07 05:56:11', '2022-01-27 17:23:06'),
(54, 45, 1, '9', '2021-12-07 05:58:37', '2022-01-27 17:27:39'),
(55, 61, 1, '12', '2021-12-07 06:00:59', '2022-01-27 17:25:35'),
(56, 48, 1, '10', '2021-12-07 06:01:01', '2022-01-27 17:26:07'),
(57, 51, 1, '11', '2021-12-07 06:02:17', '2022-01-27 17:22:48'),
(58, 62, 1, '8', '2021-12-07 06:02:29', '2022-01-27 17:22:57'),
(59, 44, 1, '9', '2021-12-07 06:03:54', '2022-01-27 17:26:50'),
(60, 52, 1, '8', '2021-12-07 06:03:57', '2022-01-27 17:25:52'),
(61, 34, 1, '7', '2021-12-07 06:06:01', '2022-01-27 17:24:56'),
(62, 53, 1, '7', '2021-12-07 06:06:04', '2022-01-27 17:23:37'),
(63, 36, 1, '1', '2021-12-07 06:10:23', '2021-12-07 06:10:23'),
(64, 54, 1, '8', '2021-12-07 06:10:28', '2022-01-27 17:23:13'),
(65, 49, 1, '11', '2021-12-07 06:11:41', '2022-01-27 17:26:30'),
(66, 3, 1, '3', '2021-12-13 16:19:25', '2021-12-13 16:19:25'),
(67, 6, 1, '6', '2021-12-13 16:19:43', '2022-01-27 17:46:58'),
(68, 10, 1, '7', '2021-12-13 16:20:16', '2022-01-27 17:44:06'),
(69, 19, 1, '6', '2021-12-13 16:21:33', '2022-01-27 17:47:12'),
(70, 22, 1, '8', '2021-12-13 16:22:07', '2022-01-27 17:44:46'),
(71, 8, 1, '9', '2021-12-13 16:27:18', '2022-01-27 17:43:24'),
(72, 56, 1, '6', '2021-12-21 13:37:35', '2022-01-27 17:23:21'),
(73, 37, 1, '5', '2021-12-21 13:38:02', '2022-01-27 17:23:51'),
(74, 40, 1, '8', '2021-12-21 13:40:17', '2022-01-27 17:24:46'),
(75, 98, 1, '10', '2021-12-21 13:42:47', '2022-01-27 17:28:00'),
(76, 39, 1, '11', '2021-12-21 14:32:15', '2022-01-27 17:24:12'),
(77, 58, 1, '6', '2021-12-21 14:32:30', '2022-01-27 17:26:42'),
(78, 46, 1, '8', '2021-12-21 14:32:47', '2022-01-27 17:25:03'),
(79, 38, 1, '6', '2021-12-21 14:37:19', '2022-01-27 17:24:33'),
(80, 60, 1, '13', '2021-12-21 14:38:38', '2022-01-27 17:27:06'),
(81, 59, 1, '8', '2021-12-21 14:39:31', '2022-01-27 17:27:32'),
(82, 50, 1, '9', '2021-12-21 14:40:21', '2022-01-27 17:26:00'),
(83, 64, 1, '9', '2021-12-21 16:00:23', '2022-01-27 17:29:21'),
(84, 66, 1, '8', '2021-12-21 16:00:30', '2022-01-27 17:35:26'),
(85, 92, 1, '4', '2021-12-21 16:00:40', '2021-12-21 16:00:40'),
(86, 68, 1, '9', '2021-12-21 16:00:44', '2022-01-27 17:32:01'),
(87, 70, 1, '7', '2021-12-21 16:01:27', '2022-01-27 17:39:19'),
(88, 72, 1, '7', '2021-12-21 16:01:55', '2022-01-27 17:35:47'),
(89, 73, 1, '9', '2021-12-21 16:02:02', '2022-01-27 17:28:56'),
(90, 75, 1, '8', '2021-12-21 16:02:20', '2022-01-27 17:29:59'),
(91, 76, 1, '5', '2021-12-21 16:02:53', '2022-01-27 17:38:59'),
(92, 77, 1, '6', '2021-12-21 16:03:12', '2022-01-27 17:38:56'),
(93, 78, 1, '7', '2021-12-21 16:03:16', '2022-01-27 17:32:32'),
(94, 79, 1, '10', '2021-12-21 16:03:21', '2022-01-27 17:29:15'),
(95, 80, 1, '7', '2021-12-21 16:03:51', '2022-01-27 17:35:57'),
(96, 86, 1, '7', '2021-12-21 16:04:20', '2022-01-27 17:40:05'),
(97, 82, 1, '7', '2021-12-21 16:05:27', '2022-01-27 17:32:11'),
(98, 57, 1, '3', '2022-01-27 17:24:24', '2022-01-27 17:24:25'),
(99, 55, 1, '4', '2022-01-27 17:26:20', '2022-01-27 17:26:20'),
(100, 35, 1, '5', '2022-01-27 17:27:17', '2022-01-27 17:27:19'),
(101, 97, 1, '5', '2022-01-27 17:28:09', '2022-01-27 17:28:09'),
(102, 43, 1, '4', '2022-01-27 17:31:23', '2022-01-27 17:31:23'),
(103, 47, 1, '4', '2022-01-27 17:31:30', '2022-01-27 17:31:30'),
(104, 85, 1, '3', '2022-01-27 17:35:16', '2022-01-27 17:35:16'),
(105, 69, 1, '2', '2022-01-27 17:39:41', '2022-01-27 17:39:41'),
(106, 99, 1, '5', '2022-01-27 17:42:06', '2022-01-27 17:42:06');

-- --------------------------------------------------------

--
-- Table structure for table `students`
--

CREATE TABLE `students` (
  `id` int(11) NOT NULL,
  `name` text NOT NULL,
  `id_department` int(11) NOT NULL,
  `id_stage` int(11) NOT NULL,
  `id_class` varchar(255) NOT NULL,
  `id_time` int(11) NOT NULL COMMENT '1 morning / 2 evening',
  `first_term_mark_20` varchar(255) DEFAULT NULL,
  `created_at` timestamp NOT NULL DEFAULT current_timestamp(),
  `updated_at` timestamp NOT NULL DEFAULT current_timestamp()
) ENGINE=InnoDB DEFAULT CHARSET=utf8mb4;

--
-- Dumping data for table `students`
--

INSERT INTO `students` (`id`, `name`, `id_department`, `id_stage`, `id_class`, `id_time`, `first_term_mark_20`, `created_at`, `updated_at`) VALUES
(1, 'ئارام ابراهیم حسین محمود', 1, 2, 'A', 2, '12', '2021-11-01 16:31:36', '2022-02-22 15:38:17'),
(2, 'ئارام عبدالرحمن قادر پیر داود', 1, 2, 'A', 2, '13', '2021-11-01 16:31:36', '2022-02-22 15:38:41'),
(3, 'ئاشنا ابوبکر حمد سوارە', 1, 2, 'A', 2, '8', '2021-11-01 16:31:36', '2022-02-22 15:39:13'),
(4, 'احمد عبدالکریم احمد محمدامین', 1, 2, 'A', 2, '20', '2021-11-01 16:31:36', '2022-02-22 15:40:12'),
(5, 'باوەڕ عبداللە محمد فرج', 1, 2, 'A', 2, '10', '2021-11-01 16:31:36', '2022-02-22 15:40:47'),
(6, 'بوکان محمد عبدالکریم حسین', 1, 2, 'A', 2, '2', '2021-11-01 16:31:36', '2022-02-22 15:41:25'),
(7, 'بەخشین حکیم بکر احمد', 1, 2, 'A', 2, '9', '2021-11-01 16:31:36', '2022-02-22 15:42:12'),
(8, 'بەنان فریدون فقی احمد محمد', 1, 2, 'A', 2, '7', '2021-11-01 16:31:36', '2022-02-22 15:42:41'),
(9, 'بەهرۆز ڕیبوار مصطفی صالح', 1, 2, 'A', 2, '5', '2021-11-01 16:31:36', '2022-02-22 15:43:01'),
(10, 'جبار محمد شریف سعد', 1, 2, 'A', 2, '4', '2021-11-01 16:31:36', '2022-02-22 15:43:16'),
(11, 'خەڵات انوەر ابراهیم توفیق', 1, 2, 'A', 2, '9', '2021-11-01 16:31:36', '2022-02-22 15:44:50'),
(12, 'خەندە فریدون محمود امین', 1, 2, 'A', 2, '4', '2021-11-01 16:31:36', '2022-02-22 15:44:32'),
(13, 'دێرین جبار عزیز محمدامین', 1, 2, 'A', 2, '8', '2021-11-01 16:31:36', '2022-02-22 15:44:11'),
(14, 'دێنێ اسماعیل معروف عبدالرحمن', 1, 2, 'A', 2, '18', '2021-11-01 16:31:36', '2022-02-22 15:45:26'),
(15, 'ڕۆزا محمد همزە حمە', 1, 2, 'A', 2, '8', '2021-11-01 16:31:36', '2022-02-22 15:51:34'),
(16, 'ڕێژوان ناضم محمد فتح اللە', 1, 2, 'A', 2, '16', '2021-11-01 16:31:36', '2022-02-22 15:52:11'),
(17, 'ژاڵە صالح خدر محمد', 1, 2, 'A', 2, '17', '2021-11-01 16:31:36', '2022-02-22 15:52:29'),
(18, 'ژیار صالح حسن محمد', 1, 2, 'A', 2, '13', '2021-11-01 16:31:36', '2022-02-22 15:52:50'),
(19, 'سومیە عثمان پاشا خورشید', 1, 2, 'A', 2, '3', '2021-11-01 16:31:36', '2022-02-22 15:46:02'),
(20, 'سۆزان سردار رشید فرج', 1, 2, 'A', 2, '8', '2021-11-01 16:31:36', '2022-02-22 15:46:26'),
(21, 'سیڤەر سیروان مصطفی وەستا احمد', 1, 2, 'A', 2, '13', '2021-11-01 16:31:36', '2022-02-22 15:47:00'),
(22, 'سەفین اسماعییل مصطفی پیرۆت', 1, 2, 'A', 2, '3', '2021-11-01 16:31:36', '2022-02-22 15:47:13'),
(23, 'شادمان حسین ممند عبدللە', 1, 2, 'A', 2, '16', '2021-11-01 16:31:36', '2022-02-22 15:47:55'),
(24, 'شاناز یاسین امین قادر', 1, 2, 'A', 2, '11', '2021-11-01 16:31:36', '2022-02-22 15:48:18'),
(25, 'شێردڵ مشیر حاجی احمد', 1, 2, 'A', 2, '8', '2021-11-01 16:31:36', '2022-02-22 15:48:46'),
(26, 'عبدالرحمان احمد خدر شێخە', 1, 2, 'A', 2, '17', '2021-11-01 16:31:36', '2022-02-22 15:49:12'),
(27, 'فەرمان شاکر حمد علی ابوبکر', 1, 2, 'A', 2, '2', '2021-11-01 16:31:36', '2022-02-22 15:49:35'),
(28, 'گۆنا حسن امین حمدامین', 1, 2, 'A', 2, '11', '2021-11-01 16:31:36', '2022-02-22 15:53:01'),
(29, 'محمد لطیف حمەصالح کاکەامین', 1, 2, 'A', 2, '11', '2021-11-01 16:31:36', '2022-02-22 15:50:00'),
(30, 'میهرەبان اسعد مارف حمدامین', 1, 2, 'A', 2, '3', '2021-11-01 16:31:36', '2022-02-22 15:50:17'),
(31, 'نیگا عبدللە حمدامین رسو', 1, 2, 'A', 2, '7', '2021-11-01 16:31:36', '2022-02-22 15:50:31'),
(32, 'هۆنیار محمود مصطفی محمد', 1, 2, 'A', 2, '9', '2021-11-01 16:31:36', '2022-02-22 15:51:01'),
(33, 'هیمن قادر طە حمامین', 1, 2, 'A', 2, '10', '2021-11-01 16:31:36', '2022-02-22 15:51:19'),
(34, 'ئارۆز سیف الدین صالح فقێ قادر', 1, 2, 'A', 1, '8', '2021-11-01 16:31:36', '2022-02-22 13:17:45'),
(35, 'ئاڤان ابوبکر کاکی محمدامین', 1, 2, 'A', 1, '18', '2021-11-01 16:31:36', '2022-02-22 13:36:43'),
(36, 'ئالاء اکرم رحیم سلیمان', 1, 2, 'A', 1, '12', '2021-11-01 16:31:36', '2022-02-22 13:15:31'),
(37, 'ئالان حامد محمد کیخسرەو', 1, 2, 'A', 1, '12', '2021-11-01 16:31:36', '2022-02-22 13:35:11'),
(38, 'ئەژین محمود حمد محمود', 1, 2, 'A', 1, '10', '2021-11-01 16:31:36', '2022-02-22 13:24:59'),
(39, 'ئەلەند کمال احمد مارف', 1, 2, 'A', 1, '19', '2021-11-01 16:31:36', '2022-02-22 13:09:25'),
(40, 'احمد رشید غفور قادر', 1, 2, 'A', 1, '13', '2021-11-01 16:31:36', '2022-02-22 13:14:37'),
(41, 'ایمان رزگار احمد رسول', 1, 2, 'A', 1, '12', '2021-11-01 16:31:36', '2022-02-22 13:26:43'),
(42, 'اڤین جاسم محمد امین', 1, 2, 'A', 1, '13', '2021-11-01 16:31:36', '2022-02-22 13:26:12'),
(43, 'ایمان علی ابراهیم برزۆ', 1, 2, 'A', 1, '8', '2021-11-01 16:31:36', '2022-02-22 13:41:16'),
(44, 'باکۆ نوری محمد رحیم', 1, 2, 'A', 1, '12', '2021-11-01 16:31:36', '2022-02-22 13:17:28'),
(45, 'بروا خلیل عزیز خدر', 1, 2, 'A', 1, '18', '2021-11-01 16:31:36', '2022-02-22 13:28:51'),
(46, 'بەختیار محمد همزە اسماعیل', 1, 2, 'A', 1, '11', '2021-11-01 16:31:36', '2022-02-22 13:22:59'),
(47, 'جوان نادر محمود شریف', 1, 2, 'A', 1, '11', '2021-11-01 16:31:36', '2022-02-22 13:27:00'),
(48, 'چرا خالید بیروت احمد', 1, 2, 'A', 1, '10', '2021-11-01 16:31:36', '2022-02-22 13:31:07'),
(49, 'داریان جعفر عبدالرحمن جعفر', 1, 2, 'A', 1, '14', '2021-11-01 16:31:36', '2022-02-22 13:11:29'),
(50, 'داناز هیرش اسماعیل عولا', 1, 2, 'A', 1, '13', '2021-11-01 16:31:36', '2022-02-22 13:22:38'),
(51, 'دلیجان احمد رسول شریف', 1, 2, 'A', 1, '11', '2021-11-01 16:31:36', '2022-02-22 13:13:46'),
(52, 'دونیا شریف رسول شریف', 1, 2, 'A', 1, '15', '2021-11-01 16:31:36', '2022-02-22 13:14:58'),
(53, 'دیدار حسن عبداللە خدر', 1, 2, 'A', 1, '5', '2021-11-01 16:31:36', '2022-02-22 13:18:35'),
(54, 'دیدەن زرادەشت صادق معروف', 1, 2, 'A', 1, '15', '2021-11-01 16:31:36', '2022-02-22 13:21:58'),
(55, 'رویا سعید عمر محمد', 1, 2, 'A', 1, '6', '2021-11-01 16:31:36', '2022-02-22 13:09:58'),
(56, 'ڕاوێژ مصطفی وەیسی محمد', 1, 2, 'A', 1, '19', '2021-11-01 16:31:36', '2022-02-22 13:16:45'),
(57, 'ڕۆشەن خدر ابراهیم اسماعیل', 1, 2, 'A', 1, '7', '2021-11-01 16:31:36', '2022-02-22 13:23:42'),
(58, 'ڕێبوار جبار نوری جبار', 1, 2, 'A', 1, '13', '2021-11-01 16:31:36', '2022-02-22 13:21:14'),
(59, 'ڕەوا محمدامین پیرۆت عبدللە', 1, 2, 'A', 1, '11', '2021-11-01 16:31:36', '2022-02-22 13:18:09'),
(60, 'محمد سماعیل ملا حاجی', 1, 2, 'A', 1, '20', '2021-11-01 16:31:36', '2022-02-22 13:17:05'),
(61, 'یوسف حسن صالح محمود', 1, 2, 'A', 1, '16', '2021-11-01 16:31:36', '2022-02-22 13:20:55'),
(62, 'عبدللە عثمان محمود یوسف', 1, 2, 'A', 1, '20', '2021-11-01 16:31:36', '2022-02-22 13:47:55'),
(63, 'محمد زانا فاروق فیض اللە', 1, 2, 'A', 1, NULL, '2021-11-01 16:31:36', '2021-11-01 16:31:36'),
(64, 'ئاسودە هیدایت حمد صابر', 1, 2, 'B', 1, '5', '2021-11-01 16:31:36', '2022-02-22 15:13:15'),
(65, 'چیا احمد کریم ڕشید', 1, 2, 'B', 1, '3', '2021-11-01 16:31:36', '2022-02-22 15:32:35'),
(66, 'حسن علی همزە حسن', 1, 2, 'B', 1, '10', '2021-11-01 16:31:36', '2022-02-22 15:14:25'),
(67, 'ڕەییان حمەجوان حکیم عبدللە', 1, 2, 'B', 1, '20', '2021-11-01 16:31:36', '2022-02-22 15:32:58'),
(68, 'زانیار عثمان فرج مرادخان', 1, 2, 'B', 1, '17', '2021-11-01 16:31:36', '2022-02-22 15:17:02'),
(69, 'سارا محمد مولود حمە', 1, 2, 'B', 1, '12', '2021-11-01 16:31:36', '2022-02-22 15:17:47'),
(70, 'سانا ضاهر صدیق صادق', 1, 2, 'B', 1, '20', '2021-11-01 16:31:36', '2022-02-22 15:19:25'),
(71, 'سناء اکرم محمد ڕشید', 1, 2, 'B', 1, '14', '2021-11-01 16:31:36', '2022-02-22 15:18:10'),
(72, 'سنور کمال جلال رسول', 1, 2, 'B', 1, '14', '2021-11-01 16:31:36', '2022-02-22 15:19:50'),
(73, 'سورمە خالند جرجیس عزیز', 1, 2, 'B', 1, '18', '2021-11-01 16:31:36', '2022-02-22 15:20:19'),
(74, 'سۆزی رسول حمد حسن', 1, 2, 'B', 1, '19', '2021-11-01 16:31:36', '2022-02-22 15:21:16'),
(75, 'سۆزیار کریم رضا حمە', 1, 2, 'B', 1, '11', '2021-11-01 16:31:36', '2022-02-22 15:22:11'),
(76, 'سیما اسماعیل عبدالرحمان احمد', 1, 2, 'B', 1, '20', '2021-11-01 16:31:36', '2022-02-22 15:22:58'),
(77, 'سیما عبداللە جلیل احمد', 1, 2, 'B', 1, '10', '2021-11-01 16:31:36', '2022-02-22 15:23:26'),
(78, 'سەرهۆز علی همزە حسن', 1, 2, 'B', 1, '8', '2021-11-01 16:31:36', '2022-02-22 15:24:13'),
(79, 'سەنگین حامد حولا رسو', 1, 2, 'B', 1, '11', '2021-11-01 16:31:36', '2022-02-22 15:24:38'),
(80, 'شنیار کمال جلال فائق', 1, 2, 'B', 1, '11', '2021-11-01 16:31:36', '2022-02-22 15:25:52'),
(81, 'شەهرام نەهرۆ محمدامین قادر', 1, 2, 'B', 1, '18', '2021-11-01 16:31:36', '2022-02-22 15:26:23'),
(82, 'کاڤیار لقمان حسن عبدالکریم', 1, 2, 'B', 1, '11', '2021-11-01 16:31:36', '2022-02-22 15:33:29'),
(83, 'کیژان ابراهیم عبدللە محمد', 1, 2, 'B', 1, '11', '2021-11-01 16:31:36', '2022-02-22 15:33:49'),
(84, 'محمد علی محمد اسماعیل', 1, 2, 'B', 1, '20', '2021-11-01 16:31:36', '2022-02-22 15:28:11'),
(85, 'محمد ابراهیم احمد الی', 1, 2, 'B', 1, '12', '2021-11-01 16:31:36', '2022-02-22 15:27:27'),
(86, 'میدیا سلام عارف احمد', 1, 2, 'B', 1, '11', '2021-11-01 16:31:36', '2022-02-22 15:28:46'),
(87, 'نما مضهر علی رسول', 1, 2, 'B', 1, '19', '2021-11-01 16:31:36', '2022-02-22 15:30:15'),
(88, 'نیگار ڕۆستەم محمد حسێن', 1, 2, 'B', 1, '12', '2021-11-01 16:31:36', '2022-02-22 15:30:58'),
(89, 'هدیە عمر عزیز رشید', 1, 2, 'B', 1, '4', '2021-11-01 16:31:36', '2022-02-22 15:31:38'),
(90, 'هێلین یوسف محمد رسول', 1, 2, 'B', 1, '16', '2021-11-01 16:31:36', '2022-02-22 15:32:01'),
(91, 'هەورامان عبدللە همزە رەش', 1, 2, 'B', 1, '6', '2021-11-01 16:31:36', '2022-02-22 15:32:21'),
(92, 'زانیار صالح عبدللە امان اللە', 1, 2, 'B', 1, NULL, '2021-11-01 16:31:36', '2021-11-01 16:31:36'),
(93, 'شاباز سلیمان احمد عبدللە', 1, 2, 'B', 1, '11', '2021-11-01 16:31:36', '2022-02-22 15:25:06'),
(94, 'شنار محمد شخصە عولا', 1, 2, 'B', 1, '16', '2021-11-01 16:31:36', '2022-02-22 15:25:26'),
(95, 'کازیوە رؤف محمدامین قادر', 1, 2, 'B', 1, '13', '2021-11-01 16:31:36', '2022-02-22 15:33:17'),
(96, 'علی حسین عبدللە محمود', 1, 2, 'B', 1, '13', '2021-11-01 16:31:36', '2022-02-22 15:27:05'),
(97, 'ئاوارە فریق محمد کیخسرو', 1, 2, 'A', 1, '8', '2021-11-01 16:31:36', '2022-02-22 13:36:18'),
(98, 'پاداشت محمد احمد قادر', 1, 2, 'A', 1, '16', '2021-11-01 16:31:36', '2022-02-22 13:29:12'),
(99, 'پەیڤین محمد همزە اسماعیل', 1, 2, 'A', 1, '11', '2021-11-01 16:31:36', '2022-02-22 13:15:56');

-- --------------------------------------------------------

--
-- Table structure for table `subjects`
--

CREATE TABLE `subjects` (
  `id` int(11) NOT NULL,
  `id_department` int(11) NOT NULL,
  `id_stage` int(11) NOT NULL,
  `name` text NOT NULL,
  `created_at` timestamp NOT NULL DEFAULT current_timestamp(),
  `updated_at` timestamp NOT NULL DEFAULT current_timestamp()
) ENGINE=InnoDB DEFAULT CHARSET=utf8mb4;

--
-- Dumping data for table `subjects`
--

INSERT INTO `subjects` (`id`, `id_department`, `id_stage`, `name`, `created_at`, `updated_at`) VALUES
(1, 1, 2, 'Web Design', '2021-11-02 01:53:14', '2021-11-02 01:53:14');

--
-- Indexes for dumped tables
--

--
-- Indexes for table `attendance`
--
ALTER TABLE `attendance`
  ADD PRIMARY KEY (`id`),
  ADD KEY `student` (`id_student`);

--
-- Indexes for table `departments`
--
ALTER TABLE `departments`
  ADD PRIMARY KEY (`id`);

--
-- Indexes for table `marks`
--
ALTER TABLE `marks`
  ADD PRIMARY KEY (`id`),
  ADD KEY `id_student` (`id_student`);

--
-- Indexes for table `students`
--
ALTER TABLE `students`
  ADD PRIMARY KEY (`id`),
  ADD KEY `department` (`id_department`);

--
-- Indexes for table `subjects`
--
ALTER TABLE `subjects`
  ADD PRIMARY KEY (`id`),
  ADD KEY `id_department` (`id_department`);

--
-- AUTO_INCREMENT for dumped tables
--

--
-- AUTO_INCREMENT for table `attendance`
--
ALTER TABLE `attendance`
  MODIFY `id` int(11) NOT NULL AUTO_INCREMENT, AUTO_INCREMENT=174;

--
-- AUTO_INCREMENT for table `departments`
--
ALTER TABLE `departments`
  MODIFY `id` int(11) NOT NULL AUTO_INCREMENT, AUTO_INCREMENT=3;

--
-- AUTO_INCREMENT for table `marks`
--
ALTER TABLE `marks`
  MODIFY `id` int(11) NOT NULL AUTO_INCREMENT, AUTO_INCREMENT=107;

--
-- AUTO_INCREMENT for table `students`
--
ALTER TABLE `students`
  MODIFY `id` int(11) NOT NULL AUTO_INCREMENT, AUTO_INCREMENT=102;

--
-- AUTO_INCREMENT for table `subjects`
--
ALTER TABLE `subjects`
  MODIFY `id` int(11) NOT NULL AUTO_INCREMENT, AUTO_INCREMENT=2;

--
-- Constraints for dumped tables
--

--
-- Constraints for table `attendance`
--
ALTER TABLE `attendance`
  ADD CONSTRAINT `student` FOREIGN KEY (`id_student`) REFERENCES `students` (`id`);

--
-- Constraints for table `marks`
--
ALTER TABLE `marks`
  ADD CONSTRAINT `id_student` FOREIGN KEY (`id_student`) REFERENCES `students` (`id`);

--
-- Constraints for table `students`
--
ALTER TABLE `students`
  ADD CONSTRAINT `department` FOREIGN KEY (`id_department`) REFERENCES `departments` (`id`);

--
-- Constraints for table `subjects`
--
ALTER TABLE `subjects`
  ADD CONSTRAINT `id_department` FOREIGN KEY (`id_department`) REFERENCES `departments` (`id`);
COMMIT;

/*!40101 SET CHARACTER_SET_CLIENT=@OLD_CHARACTER_SET_CLIENT */;
/*!40101 SET CHARACTER_SET_RESULTS=@OLD_CHARACTER_SET_RESULTS */;
/*!40101 SET COLLATION_CONNECTION=@OLD_COLLATION_CONNECTION */;
